2281008,г Москва аллея Петровско-Разумовская д.16,Москва,аллея Петровско-Разумовская д.16,аллея,Петровско-Разумовская ,д.16,8200620,муниципальный округ Аэропорт,н.д.
2281008,г Москва аллея Петровско-Разумовская д.18,Москва,аллея Петровско-Разумовская д.18,аллея,Петровско-Разумовская ,д.18,7631211,муниципальный округ Аэропорт,1939
2281008,г Москва аллея Петровско-Разумовская д.20,Москва,аллея Петровско-Разумовская д.20,аллея,Петровско-Разумовская ,д.20,8257769,муниципальный округ Аэропорт,1996
2281008,г Москва аллея Петровско-Разумовская д.6,Москва,аллея Петровско-Разумовская д.6,аллея,Петровско-Разумовская ,д.6,8200610,муниципальный округ Аэропорт,н.д.
2281008,г Москва аллея Петровско-Разумовская д.8,Москва,аллея Петровско-Разумовская д.8,аллея,Петровско-Разумовская ,д.8,8200615,муниципальный округ Аэропорт,н.д.
2281008,г Москва пер Авиационный д.4,Москва,пер Авиационный д.4,пер,Авиационный ,д.4,7855713,муниципальный округ Аэропорт,1959
2281008,г Москва пер Авиационный д.8,Москва,пер Авиационный д.8,пер,Авиационный ,д.8,8199795,муниципальный округ Аэропорт,н.д.
2281008,г Москва пер Балтийский 1-й д.4,Москва,пер Балтийский 1-й д.4,пер,Балтийский 1-й ,д.4,7823264,муниципальный округ Аэропорт,1940
2281008,г Москва пер Балтийский 2-й д.1/18 кор.А,Москва,пер Балтийский 2-й д.1/18 кор.А,пер,Балтийский 2-й ,д.1/18 кор.А,7823294,муниципальный округ Аэропорт,1959
2281008,г Москва пер Балтийский 2-й д.1/18 кор.Б,Москва,пер Балтийский 2-й д.1/18 кор.Б,пер,Балтийский 2-й ,д.1/18 кор.Б,7823306,муниципальный округ Аэропорт,1959
2281008,г Москва пер Балтийский 2-й д.2,Москва,пер Балтийский 2-й д.2,пер,Балтийский 2-й ,д.2,7823316,муниципальный округ Аэропорт,1959
2281008,г Москва пер Балтийский 2-й д.4,Москва,пер Балтийский 2-й д.4,пер,Балтийский 2-й ,д.4,8199787,муниципальный округ Аэропорт,н.д.
2281008,г Москва пер Балтийский 2-й д.4 кор.А,Москва,пер Балтийский 2-й д.4 кор.А,пер,Балтийский 2-й ,д.4 кор.А,7823332,муниципальный округ Аэропорт,1963
2281008,г Москва пер Балтийский 2-й д.5,Москва,пер Балтийский 2-й д.5,пер,Балтийский 2-й ,д.5,7823349,муниципальный округ Аэропорт,1959
2281008,г Москва пер Балтийский 2-й д.6,Москва,пер Балтийский 2-й д.6,пер,Балтийский 2-й ,д.6,8229483,муниципальный округ Аэропорт,1962
2281008,г Москва пер Балтийский 3-й д.4 кор.1,Москва,пер Балтийский 3-й д.4 кор.1,пер,Балтийский 3-й ,д.4 кор.1,8259464,муниципальный округ Аэропорт,1957
2281008,г Москва пер Балтийский 3-й д.4 кор.3,Москва,пер Балтийский 3-й д.4 кор.3,пер,Балтийский 3-й ,д.4 кор.3,7572951,муниципальный округ Аэропорт,1961
2281008,г Москва пер Балтийский 3-й д.4 кор.4,Москва,пер Балтийский 3-й д.4 кор.4,пер,Балтийский 3-й ,д.4 кор.4,7572953,муниципальный округ Аэропорт,1964
2281008,г Москва пер Балтийский 3-й д.6 кор.2,Москва,пер Балтийский 3-й д.6 кор.2,пер,Балтийский 3-й ,д.6 кор.2,8259470,муниципальный округ Аэропорт,1999
2281008,г Москва пер Балтийский 3-й д.6 кор.3,Москва,пер Балтийский 3-й д.6 кор.3,пер,Балтийский 3-й ,д.6 кор.3,8259477,муниципальный округ Аэропорт,1998
2281008,г Москва пер Эльдорадовский д.3,Москва,пер Эльдорадовский д.3,пер,Эльдорадовский ,д.3,8201016,муниципальный округ Аэропорт,н.д.
2281008,г Москва пер Эльдорадовский д.4,Москва,пер Эльдорадовский д.4,пер,Эльдорадовский ,д.4,8201008,муниципальный округ Аэропорт,н.д.
2281008,г Москва пер Эльдорадовский д.5,Москва,пер Эльдорадовский д.5,пер,Эльдорадовский ,д.5,7631195,муниципальный округ Аэропорт,н.д.
2281008,г Москва пер Эльдорадовский д.7,Москва,пер Эльдорадовский д.7,пер,Эльдорадовский ,д.7,7631201,муниципальный округ Аэропорт,н.д.
2281008,г Москва пр-кт Ленинградский д.44,Москва,пр-кт Ленинградский д.44,пр-кт,Ленинградский ,д.44,8259493,муниципальный округ Аэропорт,1937
2281008,г Москва пр-кт Ленинградский д.48 кор.2,Москва,пр-кт Ленинградский д.48 кор.2,пр-кт,Ленинградский ,д.48 кор.2,8259498,муниципальный округ Аэропорт,1958
2281008,г Москва пр-кт Ленинградский д.48/2 строение 1,Москва,пр-кт Ленинградский д.48/2 строение 1,пр-кт,Ленинградский ,д.48/2 строение 1,7631150,муниципальный округ Аэропорт,н.д.
2281008,г Москва пр-кт Ленинградский д.50,Москва,пр-кт Ленинградский д.50,пр-кт,Ленинградский ,д.50,8200582,муниципальный округ Аэропорт,н.д.
2281008,г Москва пр-кт Ленинградский д.54/1,Москва,пр-кт Ленинградский д.54/1,пр-кт,Ленинградский ,д.54/1,7855730,муниципальный округ Аэропорт,1963
2281008,г Москва пр-кт Ленинградский д.54А,Москва,пр-кт Ленинградский д.54А,пр-кт,Ленинградский ,д.54А,8199910,муниципальный округ Аэропорт,н.д.
2281008,г Москва пр-кт Ленинградский д.56,Москва,пр-кт Ленинградский д.56,пр-кт,Ленинградский ,д.56,7855752,муниципальный округ Аэропорт,1938
2281008,г Москва пр-кт Ленинградский д.58,Москва,пр-кт Ленинградский д.58,пр-кт,Ленинградский ,д.58,7855762,муниципальный округ Аэропорт,1940
2281008,г Москва пр-кт Ленинградский д.60 кор.1,Москва,пр-кт Ленинградский д.60 кор.1,пр-кт,Ленинградский ,д.60 кор.1,8199917,муниципальный округ Аэропорт,н.д.
2281008,г Москва пр-кт Ленинградский д.60 кор.2,Москва,пр-кт Ленинградский д.60 кор.2,пр-кт,Ленинградский ,д.60 кор.2,8200007,муниципальный округ Аэропорт,н.д.
2281008,г Москва пр-кт Ленинградский д.60А,Москва,пр-кт Ленинградский д.60А,пр-кт,Ленинградский ,д.60А,8200011,муниципальный округ Аэропорт,н.д.
2281008,г Москва пр-кт Ленинградский д.62,Москва,пр-кт Ленинградский д.62,пр-кт,Ленинградский ,д.62,7855771,муниципальный округ Аэропорт,1938
2281008,г Москва пр-кт Ленинградский д.66,Москва,пр-кт Ленинградский д.66,пр-кт,Ленинградский ,д.66,8240411,муниципальный округ Аэропорт,1945
2281008,г Москва пр-кт Ленинградский д.74 кор.1,Москва,пр-кт Ленинградский д.74 кор.1,пр-кт,Ленинградский ,д.74 кор.1,8229486,муниципальный округ Аэропорт,1961
2281008,г Москва пр-кт Ленинградский д.74 кор.2,Москва,пр-кт Ленинградский д.74 кор.2,пр-кт,Ленинградский ,д.74 кор.2,8229489,муниципальный округ Аэропорт,1958
2281008,г Москва пр-кт Ленинградский д.74 кор.3,Москва,пр-кт Ленинградский д.74 кор.3,пр-кт,Ленинградский ,д.74 кор.3,8229491,муниципальный округ Аэропорт,1958
2281008,г Москва пр-кт Ленинградский д.74 кор.4,Москва,пр-кт Ленинградский д.74 кор.4,пр-кт,Ленинградский ,д.74 кор.4,8229493,муниципальный округ Аэропорт,1961
2281008,г Москва пр-кт Ленинградский д.74 кор.5,Москва,пр-кт Ленинградский д.74 кор.5,пр-кт,Ленинградский ,д.74 кор.5,7823360,муниципальный округ Аэропорт,1959
2281008,г Москва пр-кт Ленинградский д.74 кор.6,Москва,пр-кт Ленинградский д.74 кор.6,пр-кт,Ленинградский ,д.74 кор.6,7832500,муниципальный округ Аэропорт,1956
2281008,г Москва пр-кт Ленинградский д.76 кор.1,Москва,пр-кт Ленинградский д.76 кор.1,пр-кт,Ленинградский ,д.76 кор.1,8215720,муниципальный округ Аэропорт,н.д.
2281008,г Москва пр-кт Ленинградский д.76 кор.2,Москва,пр-кт Ленинградский д.76 кор.2,пр-кт,Ленинградский ,д.76 кор.2,8215759,муниципальный округ Аэропорт,н.д.
2281008,г Москва пр-кт Ленинградский д.76 кор.3,Москва,пр-кт Ленинградский д.76 кор.3,пр-кт,Ленинградский ,д.76 кор.3,8215764,муниципальный округ Аэропорт,н.д.
2281008,г Москва пр-кт Ленинградский д.76 кор.4,Москва,пр-кт Ленинградский д.76 кор.4,пр-кт,Ленинградский ,д.76 кор.4,8215767,муниципальный округ Аэропорт,н.д.
2281008,г Москва пр-кт Ленинградский д.78 кор.1,Москва,пр-кт Ленинградский д.78 кор.1,пр-кт,Ленинградский ,д.78 кор.1,7832559,муниципальный округ Аэропорт,1960
2281008,г Москва пр-кт Ленинградский д.78 кор.2,Москва,пр-кт Ленинградский д.78 кор.2,пр-кт,Ленинградский ,д.78 кор.2,7832576,муниципальный округ Аэропорт,1960
2281008,г Москва пр-кт Ленинградский д.78 кор.3,Москва,пр-кт Ленинградский д.78 кор.3,пр-кт,Ленинградский ,д.78 кор.3,7832583,муниципальный округ Аэропорт,1958
2281008,г Москва пр-кт Ленинградский д.78 кор.4,Москва,пр-кт Ленинградский д.78 кор.4,пр-кт,Ленинградский ,д.78 кор.4,8200016,муниципальный округ Аэропорт,н.д.
2281008,г Москва пр-кт Ленинградский д.78 кор.5,Москва,пр-кт Ленинградский д.78 кор.5,пр-кт,Ленинградский ,д.78 кор.5,7832591,муниципальный округ Аэропорт,1959
2281008,г Москва проезд Амбулаторный 1-й д.2/6,Москва,проезд Амбулаторный 1-й д.2/6,проезд,Амбулаторный 1-й ,д.2/6,7823147,муниципальный округ Аэропорт,1968
2281008,г Москва проезд Амбулаторный 1-й д.5 кор.1,Москва,проезд Амбулаторный 1-й д.5 кор.1,проезд,Амбулаторный 1-й ,д.5 кор.1,7572888,муниципальный округ Аэропорт,1959
2281008,г Москва проезд Амбулаторный 1-й д.5 кор.2,Москва,проезд Амбулаторный 1-й д.5 кор.2,проезд,Амбулаторный 1-й ,д.5 кор.2,7572914,муниципальный округ Аэропорт,1962
2281008,г Москва проезд Амбулаторный 1-й д.7 кор.3,Москва,проезд Амбулаторный 1-й д.7 кор.3,проезд,Амбулаторный 1-й ,д.7 кор.3,7572941,муниципальный округ Аэропорт,1974
2281008,г Москва проезд Амбулаторный 1-й д.7 кор.А,Москва,проезд Амбулаторный 1-й д.7 кор.А,проезд,Амбулаторный 1-й ,д.7 кор.А,7572928,муниципальный округ Аэропорт,1958
2281008,г Москва проезд Амбулаторный 1-й д.7 кор.Б,Москва,проезд Амбулаторный 1-й д.7 кор.Б,проезд,Амбулаторный 1-й ,д.7 кор.Б,7572935,муниципальный округ Аэропорт,1958
2281008,г Москва проезд Амбулаторный 2-й д.11,Москва,проезд Амбулаторный 2-й д.11,проезд,Амбулаторный 2-й ,д.11,7572942,муниципальный округ Аэропорт,1961
2281008,г Москва проезд Амбулаторный 2-й д.13,Москва,проезд Амбулаторный 2-й д.13,проезд,Амбулаторный 2-й ,д.13,7572943,муниципальный округ Аэропорт,1961
2281008,г Москва проезд Амбулаторный 2-й д.15,Москва,проезд Амбулаторный 2-й д.15,проезд,Амбулаторный 2-й ,д.15,7572944,муниципальный округ Аэропорт,1962
2281008,г Москва проезд Амбулаторный 2-й д.17,Москва,проезд Амбулаторный 2-й д.17,проезд,Амбулаторный 2-й ,д.17,7572945,муниципальный округ Аэропорт,1963
2281008,г Москва проезд Амбулаторный 2-й д.19,Москва,проезд Амбулаторный 2-й д.19,проезд,Амбулаторный 2-й ,д.19,7572947,муниципальный округ Аэропорт,1959
2281008,г Москва проезд Амбулаторный 2-й д.21/8,Москва,проезд Амбулаторный 2-й д.21/8,проезд,Амбулаторный 2-й ,д.21/8,7572948,муниципальный округ Аэропорт,1959
2281008,г Москва проезд Зыковский Нов. д.3,Москва,проезд Зыковский Нов. д.3,проезд,Зыковский Нов. ,д.3,8252850,муниципальный округ Аэропорт,1959
2281008,г Москва проезд Зыковский Нов. д.5,Москва,проезд Зыковский Нов. д.5,проезд,Зыковский Нов. ,д.5,8252855,муниципальный округ Аэропорт,1961
2281008,г Москва проезд Зыковский Стар. д.3,Москва,проезд Зыковский Стар. д.3,проезд,Зыковский Стар. ,д.3,8201020,муниципальный округ Аэропорт,н.д.
2281008,г Москва проезд Зыковский Стар. д.4,Москва,проезд Зыковский Стар. д.4,проезд,Зыковский Стар. ,д.4,8201026,муниципальный округ Аэропорт,н.д.
2281008,г Москва проезд Зыковский Стар. д.5,Москва,проезд Зыковский Стар. д.5,проезд,Зыковский Стар. ,д.5,7855782,муниципальный округ Аэропорт,1959
2281008,г Москва проезд Зыковский Стар. д.6 кор.1,Москва,проезд Зыковский Стар. д.6 кор.1,проезд,Зыковский Стар. ,д.6 кор.1,8201039,муниципальный округ Аэропорт,н.д.
2281008,г Москва проезд Зыковский Стар. д.6 кор.2,Москва,проезд Зыковский Стар. д.6 кор.2,проезд,Зыковский Стар. ,д.6 кор.2,8201042,муниципальный округ Аэропорт,н.д.
2281008,г Москва проезд Коптевский Б. д.10 кор.1,Москва,проезд Коптевский Б. д.10 кор.1,проезд,Коптевский Б. ,д.10 кор.1,7572960,муниципальный округ Аэропорт,1973
2281008,г Москва проезд Коптевский Б. д.12 кор.1,Москва,проезд Коптевский Б. д.12 кор.1,проезд,Коптевский Б. ,д.12 кор.1,7572961,муниципальный округ Аэропорт,1958
2281008,г Москва проезд Коптевский Б. д.12 кор.2,Москва,проезд Коптевский Б. д.12 кор.2,проезд,Коптевский Б. ,д.12 кор.2,7572962,муниципальный округ Аэропорт,1959
2281008,г Москва проезд Коптевский Б. д.14 кор.1,Москва,проезд Коптевский Б. д.14 кор.1,проезд,Коптевский Б. ,д.14 кор.1,7572964,муниципальный округ Аэропорт,1958
2281008,г Москва проезд Коптевский Б. д.14 кор.2,Москва,проезд Коптевский Б. д.14 кор.2,проезд,Коптевский Б. ,д.14 кор.2,7572965,муниципальный округ Аэропорт,1958
2281008,г Москва проезд Коптевский Б. д.14 кор.3,Москва,проезд Коптевский Б. д.14 кор.3,проезд,Коптевский Б. ,д.14 кор.3,7572966,муниципальный округ Аэропорт,1958
2281008,г Москва проезд Коптевский Б. д.14 кор.4,Москва,проезд Коптевский Б. д.14 кор.4,проезд,Коптевский Б. ,д.14 кор.4,7574143,муниципальный округ Аэропорт,1960
2281008,г Москва проезд Коптевский Б. д.4,Москва,проезд Коптевский Б. д.4,проезд,Коптевский Б. ,д.4,7572958,муниципальный округ Аэропорт,1960
2281008,г Москва проезд Коптевский Б. д.8,Москва,проезд Коптевский Б. д.8,проезд,Коптевский Б. ,д.8,7572959,муниципальный округ Аэропорт,1979
2281008,г Москва проезд Коптевский Б. д.9,Москва,проезд Коптевский Б. д.9,проезд,Коптевский Б. ,д.9,8201051,муниципальный округ Аэропорт,н.д.
2281008,г Москва проезд Коптевский М. д.4/6,Москва,проезд Коптевский М. д.4/6,проезд,Коптевский М. ,д.4/6,7574146,муниципальный округ Аэропорт,1959
2281008,г Москва проезд Коптевский М. д.6 кор.1,Москва,проезд Коптевский М. д.6 кор.1,проезд,Коптевский М. ,д.6 кор.1,7574189,муниципальный округ Аэропорт,1969
2281008,г Москва проезд Коптевский М. д.6 кор.2,Москва,проезд Коптевский М. д.6 кор.2,проезд,Коптевский М. ,д.6 кор.2,7574186,муниципальный округ Аэропорт,1970
2281008,г Москва проезд Коптевский М. д.7,Москва,проезд Коптевский М. д.7,проезд,Коптевский М. ,д.7,7574192,муниципальный округ Аэропорт,1963
2281008,г Москва проезд Кочновский д.4 кор.1,Москва,проезд Кочновский д.4 кор.1,проезд,Кочновский ,д.4 кор.1,8020445,муниципальный округ Аэропорт,2008
2281008,г Москва проезд Кочновский д.4 кор.2,Москва,проезд Кочновский д.4 кор.2,проезд,Кочновский ,д.4 кор.2,8210423,муниципальный округ Аэропорт,2008
2281008,г Москва проезд Шебашевский д.4,Москва,проезд Шебашевский д.4,проезд,Шебашевский ,д.4,7575064,муниципальный округ Аэропорт,н.д.
2281008,г Москва проезд Шебашевский д.4 кор.1,Москва,проезд Шебашевский д.4 кор.1,проезд,Шебашевский ,д.4 кор.1,7575072,муниципальный округ Аэропорт,1951
2281008,г Москва проезд Шебашевский д.4 кор.2,Москва,проезд Шебашевский д.4 кор.2,проезд,Шебашевский ,д.4 кор.2,7575123,муниципальный округ Аэропорт,1951
2281008,г Москва проезд Шебашевский д.5,Москва,проезд Шебашевский д.5,проезд,Шебашевский ,д.5,7575127,муниципальный округ Аэропорт,1961
2281008,г Москва проезд Шебашевский д.6,Москва,проезд Шебашевский д.6,проезд,Шебашевский ,д.6,7575134,муниципальный округ Аэропорт,1949
2281008,г Москва проезд Шебашевский д.7,Москва,проезд Шебашевский д.7,проезд,Шебашевский ,д.7,7575138,муниципальный округ Аэропорт,1959
2281008,г Москва проезд Шебашевский д.8 кор.1,Москва,проезд Шебашевский д.8 кор.1,проезд,Шебашевский ,д.8 кор.1,7575144,муниципальный округ Аэропорт,1952
2281008,г Москва проезд Шебашевский д.8 кор.2,Москва,проезд Шебашевский д.8 кор.2,проезд,Шебашевский ,д.8 кор.2,7575150,муниципальный округ Аэропорт,1958
2281008,г Москва ул 8 Марта 4-я д.4 кор.1,Москва,ул 8 Марта 4-я д.4 кор.1,ул,8 Марта 4-я ,д.4 кор.1,8200472,муниципальный округ Аэропорт,н.д.
2281008,г Москва ул 8 Марта 4-я д.4 кор.2,Москва,ул 8 Марта 4-я д.4 кор.2,ул,8 Марта 4-я ,д.4 кор.2,8200490,муниципальный округ Аэропорт,н.д.
2281008,г Москва ул 8 Марта 4-я д.5,Москва,ул 8 Марта 4-я д.5,ул,8 Марта 4-я ,д.5,7574206,муниципальный округ Аэропорт,1936
2281008,г Москва ул 8 Марта д.11,Москва,ул 8 Марта д.11,ул,8 Марта ,д.11,8200054,муниципальный округ Аэропорт,н.д.
2281008,г Москва ул 8 Марта д.13,Москва,ул 8 Марта д.13,ул,8 Марта ,д.13,8200500,муниципальный округ Аэропорт,н.д.
2281008,г Москва ул 8 Марта д.15,Москва,ул 8 Марта д.15,ул,8 Марта ,д.15,7574198,муниципальный округ Аэропорт,1953
2281008,г Москва ул 8 Марта д.15 кор.А,Москва,ул 8 Марта д.15 кор.А,ул,8 Марта ,д.15 кор.А,7574202,муниципальный округ Аэропорт,1953
2281008,г Москва ул 8 Марта д.7/5,Москва,ул 8 Марта д.7/5,ул,8 Марта ,д.7/5,8200494,муниципальный округ Аэропорт,н.д.
2281008,г Москва ул 8 Марта д.9,Москва,ул 8 Марта д.9,ул,8 Марта ,д.9,8257830,муниципальный округ Аэропорт,1979
2281008,г Москва ул Академика Ильюшина д.1 кор.1,Москва,ул Академика Ильюшина д.1 кор.1,ул,Академика Ильюшина ,д.1 кор.1,7839964,муниципальный округ Аэропорт,1963
2281008,г Москва ул Академика Ильюшина д.10,Москва,ул Академика Ильюшина д.10,ул,Академика Ильюшина ,д.10,7575184,муниципальный округ Аэропорт,1961
2281008,г Москва ул Академика Ильюшина д.12,Москва,ул Академика Ильюшина д.12,ул,Академика Ильюшина ,д.12,7840050,муниципальный округ Аэропорт,1961
2281008,г Москва ул Академика Ильюшина д.14,Москва,ул Академика Ильюшина д.14,ул,Академика Ильюшина ,д.14,7575186,муниципальный округ Аэропорт,1961
2281008,г Москва ул Академика Ильюшина д.16,Москва,ул Академика Ильюшина д.16,ул,Академика Ильюшина ,д.16,7575188,муниципальный округ Аэропорт,1959
2281008,г Москва ул Академика Ильюшина д.3,Москва,ул Академика Ильюшина д.3,ул,Академика Ильюшина ,д.3,8199867,муниципальный округ Аэропорт,н.д.
2281008,г Москва ул Академика Ильюшина д.4 кор.1,Москва,ул Академика Ильюшина д.4 кор.1,ул,Академика Ильюшина ,д.4 кор.1,7839979,муниципальный округ Аэропорт,1957
2281008,г Москва ул Академика Ильюшина д.4 кор.2,Москва,ул Академика Ильюшина д.4 кор.2,ул,Академика Ильюшина ,д.4 кор.2,7839992,муниципальный округ Аэропорт,1959
2281008,г Москва ул Академика Ильюшина д.5,Москва,ул Академика Ильюшина д.5,ул,Академика Ильюшина ,д.5,7840019,муниципальный округ Аэропорт,1960
2281008,г Москва ул Академика Ильюшина д.6,Москва,ул Академика Ильюшина д.6,ул,Академика Ильюшина ,д.6,7840039,муниципальный округ Аэропорт,1956
2281008,г Москва ул Асеева д.2,Москва,ул Асеева д.2,ул,Асеева ,д.2,7572954,муниципальный округ Аэропорт,1962
2281008,г Москва ул Асеева д.6,Москва,ул Асеева д.6,ул,Асеева ,д.6,7572955,муниципальный округ Аэропорт,1964
2281008,г Москва ул Асеева д.8,Москва,ул Асеева д.8,ул,Асеева ,д.8,7572957,муниципальный округ Аэропорт,1962
2281008,г Москва ул Аэропортовская 1-я д.6,Москва,ул Аэропортовская 1-я д.6,ул,Аэропортовская 1-я ,д.6,8199777,муниципальный округ Аэропорт,н.д.
2281008,г Москва ул Балтийская д.10,Москва,ул Балтийская д.10,ул,Балтийская ,д.10,7823230,муниципальный округ Аэропорт,1961
2281008,г Москва ул Балтийская д.4,Москва,ул Балтийская д.4,ул,Балтийская ,д.4,8229478,муниципальный округ Аэропорт,1960
2281008,г Москва ул Балтийская д.6 кор.1,Москва,ул Балтийская д.6 кор.1,ул,Балтийская ,д.6 кор.1,7823246,муниципальный округ Аэропорт,1960
2281008,г Москва ул Балтийская д.6 кор.2,Москва,ул Балтийская д.6 кор.2,ул,Балтийская ,д.6 кор.2,7823254,муниципальный округ Аэропорт,1961
2281008,г Москва ул Балтийская д.6 кор.3,Москва,ул Балтийская д.6 кор.3,ул,Балтийская ,д.6 кор.3,7823257,муниципальный округ Аэропорт,1960
2281008,г Москва ул Башиловка Нов. д.3,Москва,ул Башиловка Нов. д.3,ул,Башиловка Нов. ,д.3,8200602,муниципальный округ Аэропорт,н.д.
2281008,г Москва ул Коккинаки д.1,Москва,ул Коккинаки д.1,ул,Коккинаки ,д.1,7574210,муниципальный округ Аэропорт,1962
2281008,г Москва ул Коккинаки д.2,Москва,ул Коккинаки д.2,ул,Коккинаки ,д.2,7574214,муниципальный округ Аэропорт,1959
2281008,г Москва ул Коккинаки д.8,Москва,ул Коккинаки д.8,ул,Коккинаки ,д.8,7574216,муниципальный округ Аэропорт,1938
2281008,г Москва ул Константина Симонова д.4,Москва,ул Константина Симонова д.4,ул,Константина Симонова ,д.4,7637714,муниципальный округ Аэропорт,1965
2281008,г Москва ул Константина Симонова д.5 кор.1,Москва,ул Константина Симонова д.5 кор.1,ул,Константина Симонова ,д.5 кор.1,7855533,муниципальный округ Аэропорт,1962
2281008,г Москва ул Константина Симонова д.5 кор.2,Москва,ул Константина Симонова д.5 кор.2,ул,Константина Симонова ,д.5 кор.2,7855551,муниципальный округ Аэропорт,1961
2281008,г Москва ул Константина Симонова д.5 кор.3,Москва,ул Константина Симонова д.5 кор.3,ул,Константина Симонова ,д.5 кор.3,7855577,муниципальный округ Аэропорт,1961
2281008,г Москва ул Константина Симонова д.6,Москва,ул Константина Симонова д.6,ул,Константина Симонова ,д.6,8257721,муниципальный округ Аэропорт,1974
2281008,г Москва ул Константина Симонова д.7,Москва,ул Константина Симонова д.7,ул,Константина Симонова ,д.7,7855606,муниципальный округ Аэропорт,1964
2281008,г Москва ул Константина Симонова д.8 кор.1,Москва,ул Константина Симонова д.8 кор.1,ул,Константина Симонова ,д.8 кор.1,8438957,муниципальный округ Аэропорт,1963
2281008,г Москва ул Константина Симонова д.8 кор.2,Москва,ул Константина Симонова д.8 кор.2,ул,Константина Симонова ,д.8 кор.2,8200513,муниципальный округ Аэропорт,н.д.
2281008,г Москва ул Красноармейская д.10 кор.1,Москва,ул Красноармейская д.10 кор.1,ул,Красноармейская ,д.10 кор.1,8258314,муниципальный округ Аэропорт,1958
2281008,г Москва ул Красноармейская д.10 кор.2,Москва,ул Красноармейская д.10 кор.2,ул,Красноармейская ,д.10 кор.2,7631133,муниципальный округ Аэропорт,н.д.
2281008,г Москва ул Красноармейская д.12,Москва,ул Красноармейская д.12,ул,Красноармейская ,д.12,8258010,муниципальный округ Аэропорт,1957
2281008,г Москва ул Красноармейская д.13,Москва,ул Красноармейская д.13,ул,Красноармейская ,д.13,7855617,муниципальный округ Аэропорт,1964
2281008,г Москва ул Красноармейская д.14,Москва,ул Красноармейская д.14,ул,Красноармейская ,д.14,7811271,муниципальный округ Аэропорт,1957
2281008,г Москва ул Красноармейская д.16,Москва,ул Красноармейская д.16,ул,Красноармейская ,д.16,7631136,муниципальный округ Аэропорт,н.д.
2281008,г Москва ул Красноармейская д.2 кор.1,Москва,ул Красноармейская д.2 кор.1,ул,Красноармейская ,д.2 кор.1,8200520,муниципальный округ Аэропорт,н.д.
2281008,г Москва ул Красноармейская д.2 кор.2,Москва,ул Красноармейская д.2 кор.2,ул,Красноармейская ,д.2 кор.2,8033514,муниципальный округ Аэропорт,н.д.
2281008,г Москва ул Красноармейская д.20,Москва,ул Красноармейская д.20,ул,Красноармейская ,д.20,8200552,муниципальный округ Аэропорт,н.д.
2281008,г Москва ул Красноармейская д.22,Москва,ул Красноармейская д.22,ул,Красноармейская ,д.22,8200554,муниципальный округ Аэропорт,н.д.
2281008,г Москва ул Красноармейская д.24,Москва,ул Красноармейская д.24,ул,Красноармейская ,д.24,8199861,муниципальный округ Аэропорт,н.д.
2281008,г Москва ул Красноармейская д.26 кор.1,Москва,ул Красноармейская д.26 кор.1,ул,Красноармейская ,д.26 кор.1,7855642,муниципальный округ Аэропорт,1956
2281008,г Москва ул Красноармейская д.26 кор.2,Москва,ул Красноармейская д.26 кор.2,ул,Красноармейская ,д.26 кор.2,7855652,муниципальный округ Аэропорт,1959
2281008,г Москва ул Красноармейская д.28,Москва,ул Красноармейская д.28,ул,Красноармейская ,д.28,7855665,муниципальный округ Аэропорт,1981
2281008,г Москва ул Красноармейская д.30,Москва,ул Красноармейская д.30,ул,Красноармейская ,д.30,8199876,муниципальный округ Аэропорт,н.д.
2281008,г Москва ул Красноармейская д.32,Москва,ул Красноармейская д.32,ул,Красноармейская ,д.32,7855686,муниципальный округ Аэропорт,1960
2281008,г Москва ул Красноармейская д.36,Москва,ул Красноармейская д.36,ул,Красноармейская ,д.36,7855694,муниципальный округ Аэропорт,1960
2281008,г Москва ул Красноармейская д.38,Москва,ул Красноармейская д.38,ул,Красноармейская ,д.38,8199882,муниципальный округ Аэропорт,н.д.
2281008,г Москва ул Красноармейская д.5,Москва,ул Красноармейская д.5,ул,Красноармейская ,д.5,8259422,муниципальный округ Аэропорт,1961
2281008,г Москва ул Красноармейская д.6 кор.1,Москва,ул Красноармейская д.6 кор.1,ул,Красноармейская ,д.6 кор.1,8200526,муниципальный округ Аэропорт,н.д.
2281008,г Москва ул Красноармейская д.6 кор.2,Москва,ул Красноармейская д.6 кор.2,ул,Красноармейская ,д.6 кор.2,8200530,муниципальный округ Аэропорт,н.д.
2281008,г Москва ул Красноармейская д.7,Москва,ул Красноармейская д.7,ул,Красноармейская ,д.7,8200535,муниципальный округ Аэропорт,н.д.
2281008,г Москва ул Красноармейская д.8 кор.1,Москва,ул Красноармейская д.8 кор.1,ул,Красноармейская ,д.8 кор.1,8200537,муниципальный округ Аэропорт,н.д.
2281008,г Москва ул Красноармейская д.8 кор.2,Москва,ул Красноармейская д.8 кор.2,ул,Красноармейская ,д.8 кор.2,8200541,муниципальный округ Аэропорт,н.д.
2281008,г Москва ул Красноармейская д.8 кор.3,Москва,ул Красноармейская д.8 кор.3,ул,Красноармейская ,д.8 кор.3,8200546,муниципальный округ Аэропорт,н.д.
2281008,г Москва ул Красноармейская д.9,Москва,ул Красноармейская д.9,ул,Красноармейская ,д.9,8200547,муниципальный округ Аэропорт,н.д.
2281008,г Москва ул Лизы Чайкиной д.4 кор.1,Москва,ул Лизы Чайкиной д.4 кор.1,ул,Лизы Чайкиной ,д.4 кор.1,8199993,муниципальный округ Аэропорт,н.д.
2281008,г Москва ул Лизы Чайкиной д.4 кор.2,Москва,ул Лизы Чайкиной д.4 кор.2,ул,Лизы Чайкиной ,д.4 кор.2,7714192,муниципальный округ Аэропорт,1978
2281008,г Москва ул Лизы Чайкиной д.6,Москва,ул Лизы Чайкиной д.6,ул,Лизы Чайкиной ,д.6,8199999,муниципальный округ Аэропорт,н.д.
2281008,г Москва ул Масловка Верхн. д.11,Москва,ул Масловка Верхн. д.11,ул,Масловка Верхн. ,д.11,8252609,муниципальный округ Аэропорт,1964
2281008,г Москва ул Масловка Верхн. д.21,Москва,ул Масловка Верхн. д.21,ул,Масловка Верхн. ,д.21,8257806,муниципальный округ Аэропорт,1957
2281008,г Москва ул Масловка Верхн. д.27 кор.1,Москва,ул Масловка Верхн. д.27 кор.1,ул,Масловка Верхн. ,д.27 кор.1,8252613,муниципальный округ Аэропорт,1961
2281008,г Москва ул Масловка Верхн. д.27 кор.2,Москва,ул Масловка Верхн. д.27 кор.2,ул,Масловка Верхн. ,д.27 кор.2,7631121,муниципальный округ Аэропорт,н.д.
2281008,г Москва ул Масловка Верхн. д.29,Москва,ул Масловка Верхн. д.29,ул,Масловка Верхн. ,д.29,7631126,муниципальный округ Аэропорт,н.д.
2281008,г Москва ул Масловка Верхн. д.7,Москва,ул Масловка Верхн. д.7,ул,Масловка Верхн. ,д.7,8200593,муниципальный округ Аэропорт,н.д.
2281008,г Москва ул Масловка Нижн. д.19,Москва,ул Масловка Нижн. д.19,ул,Масловка Нижн. ,д.19,8200598,муниципальный округ Аэропорт,н.д.
2281008,г Москва ул Пилота Нестерова д.11,Москва,ул Пилота Нестерова д.11,ул,Пилота Нестерова ,д.11,7631207,муниципальный округ Аэропорт,н.д.
2281008,г Москва ул Пилота Нестерова д.7 кор.19,Москва,ул Пилота Нестерова д.7 кор.19,ул,Пилота Нестерова ,д.7 кор.19,8200625,муниципальный округ Аэропорт,н.д.
2281008,г Москва ул Пилота Нестерова д.9 кор.20,Москва,ул Пилота Нестерова д.9 кор.20,ул,Пилота Нестерова ,д.9 кор.20,7631205,муниципальный округ Аэропорт,н.д.
2281008,г Москва ул Планетная д.11,Москва,ул Планетная д.11,ул,Планетная ,д.11,8252529,муниципальный округ Аэропорт,1975
2281008,г Москва ул Планетная д.12,Москва,ул Планетная д.12,ул,Планетная ,д.12,7631140,муниципальный округ Аэропорт,н.д.
2281008,г Москва ул Планетная д.13,Москва,ул Планетная д.13,ул,Планетная ,д.13,8200660,муниципальный округ Аэропорт,н.д.
2281008,г Москва ул Планетная д.14,Москва,ул Планетная д.14,ул,Планетная ,д.14,8200665,муниципальный округ Аэропорт,н.д.
2281008,г Москва ул Планетная д.15,Москва,ул Планетная д.15,ул,Планетная ,д.15,8200943,муниципальный округ Аэропорт,н.д.
2281008,г Москва ул Планетная д.16,Москва,ул Планетная д.16,ул,Планетная ,д.16,8199951,муниципальный округ Аэропорт,н.д.
2281008,г Москва ул Планетная д.17,Москва,ул Планетная д.17,ул,Планетная ,д.17,8200950,муниципальный округ Аэропорт,н.д.
2281008,г Москва ул Планетная д.18,Москва,ул Планетная д.18,ул,Планетная ,д.18,8200954,муниципальный округ Аэропорт,н.д.
2281008,г Москва ул Планетная д.2/12,Москва,ул Планетная д.2/12,ул,Планетная ,д.2/12,7631147,муниципальный округ Аэропорт,н.д.
2281008,г Москва ул Планетная д.20,Москва,ул Планетная д.20,ул,Планетная ,д.20,8200960,муниципальный округ Аэропорт,н.д.
2281008,г Москва ул Планетная д.21,Москва,ул Планетная д.21,ул,Планетная ,д.21,8200974,муниципальный округ Аэропорт,н.д.
2281008,г Москва ул Планетная д.22,Москва,ул Планетная д.22,ул,Планетная ,д.22,8200981,муниципальный округ Аэропорт,н.д.
2281008,г Москва ул Планетная д.24,Москва,ул Планетная д.24,ул,Планетная ,д.24,8200987,муниципальный округ Аэропорт,н.д.
2281008,г Москва ул Планетная д.25,Москва,ул Планетная д.25,ул,Планетная ,д.25,8200991,муниципальный округ Аэропорт,н.д.
2281008,г Москва ул Планетная д.26,Москва,ул Планетная д.26,ул,Планетная ,д.26,7553808,муниципальный округ Аэропорт,н.д.
2281008,г Москва ул Планетная д.27,Москва,ул Планетная д.27,ул,Планетная ,д.27,8200994,муниципальный округ Аэропорт,н.д.
2281008,г Москва ул Планетная д.29,Москва,ул Планетная д.29,ул,Планетная ,д.29,7855788,муниципальный округ Аэропорт,1961
2281008,г Москва ул Планетная д.29 кор.1,Москва,ул Планетная д.29 кор.1,ул,Планетная ,д.29 кор.1,7855798,муниципальный округ Аэропорт,1961
2281008,г Москва ул Планетная д.29 кор.2,Москва,ул Планетная д.29 кор.2,ул,Планетная ,д.29 кор.2,7855808,муниципальный округ Аэропорт,1974
2281008,г Москва ул Планетная д.3 кор.2,Москва,ул Планетная д.3 кор.2,ул,Планетная ,д.3 кор.2,8033907,муниципальный округ Аэропорт,н.д.
2281008,г Москва ул Планетная д.31,Москва,ул Планетная д.31,ул,Планетная ,д.31,7855814,муниципальный округ Аэропорт,1956
2281008,г Москва ул Планетная д.33,Москва,ул Планетная д.33,ул,Планетная ,д.33,7855820,муниципальный округ Аэропорт,1959
2281008,г Москва ул Планетная д.35,Москва,ул Планетная д.35,ул,Планетная ,д.35,8252543,муниципальный округ Аэропорт,1956
2281008,г Москва ул Планетная д.38,Москва,ул Планетная д.38,ул,Планетная ,д.38,7574219,муниципальный округ Аэропорт,1962
2281008,г Москва ул Планетная д.4,Москва,ул Планетная д.4,ул,Планетная ,д.4,8200633,муниципальный округ Аэропорт,н.д.
2281008,г Москва ул Планетная д.40,Москва,ул Планетная д.40,ул,Планетная ,д.40,7574249,муниципальный округ Аэропорт,1960
2281008,г Москва ул Планетная д.41,Москва,ул Планетная д.41,ул,Планетная ,д.41,7855828,муниципальный округ Аэропорт,1960
2281008,г Москва ул Планетная д.42,Москва,ул Планетная д.42,ул,Планетная ,д.42,7574286,муниципальный округ Аэропорт,1960
2281008,г Москва ул Планетная д.43,Москва,ул Планетная д.43,ул,Планетная ,д.43,8199974,муниципальный округ Аэропорт,н.д.
2281008,г Москва ул Планетная д.47 кор.1,Москва,ул Планетная д.47 кор.1,ул,Планетная ,д.47 кор.1,7855837,муниципальный округ Аэропорт,1974
2281008,г Москва ул Планетная д.47 кор.2,Москва,ул Планетная д.47 кор.2,ул,Планетная ,д.47 кор.2,8199979,муниципальный округ Аэропорт,н.д.
2281008,г Москва ул Планетная д.49,Москва,ул Планетная д.49,ул,Планетная ,д.49,8199986,муниципальный округ Аэропорт,н.д.
2281008,г Москва ул Планетная д.5,Москва,ул Планетная д.5,ул,Планетная ,д.5,8200642,муниципальный округ Аэропорт,н.д.
2281008,г Москва ул Планетная д.6,Москва,ул Планетная д.6,ул,Планетная ,д.6,8200646,муниципальный округ Аэропорт,н.д.
2281008,г Москва ул Планетная д.7,Москва,ул Планетная д.7,ул,Планетная ,д.7,8200649,муниципальный округ Аэропорт,н.д.
2281008,г Москва ул Планетная д.8,Москва,ул Планетная д.8,ул,Планетная ,д.8,8200653,муниципальный округ Аэропорт,н.д.
2281008,г Москва ул Планетная д.9,Москва,ул Планетная д.9,ул,Планетная ,д.9,8252504,муниципальный округ Аэропорт,1958
2281008,г Москва ул Самеда Вургуна д.1,Москва,ул Самеда Вургуна д.1,ул,Самеда Вургуна ,д.1,7832600,муниципальный округ Аэропорт,1960
2281008,г Москва ул Самеда Вургуна д.11,Москва,ул Самеда Вургуна д.11,ул,Самеда Вургуна ,д.11,7832605,муниципальный округ Аэропорт,1961
2281008,г Москва ул Самеда Вургуна д.5,Москва,ул Самеда Вургуна д.5,ул,Самеда Вургуна ,д.5,8257822,муниципальный округ Аэропорт,1953
2281008,г Москва ул Самеда Вургуна д.7,Москва,ул Самеда Вургуна д.7,ул,Самеда Вургуна ,д.7,8229497,муниципальный округ Аэропорт,1962
2281008,г Москва ул Серегина д.3,Москва,ул Серегина д.3,ул,Серегина ,д.3,8201005,муниципальный округ Аэропорт,н.д.
2281008,г Москва ул Степана Супруна д.12 кор.1,Москва,ул Степана Супруна д.12 кор.1,ул,Степана Супруна ,д.12 кор.1,8257756,муниципальный округ Аэропорт,1959
2281008,г Москва ул Степана Супруна д.12 кор.2,Москва,ул Степана Супруна д.12 кор.2,ул,Степана Супруна ,д.12 кор.2,8257763,муниципальный округ Аэропорт,1969
2281008,г Москва ул Степана Супруна д.12 кор.3,Москва,ул Степана Супруна д.12 кор.3,ул,Степана Супруна ,д.12 кор.3,7631190,муниципальный округ Аэропорт,н.д.
2281008,г Москва ул Степана Супруна д.3,Москва,ул Степана Супруна д.3,ул,Степана Супруна ,д.3,7640832,муниципальный округ Аэропорт,1974
2281008,г Москва ул Степана Супруна д.4,Москва,ул Степана Супруна д.4,ул,Степана Супруна ,д.4,7631186,муниципальный округ Аэропорт,н.д.
2281008,г Москва ул Усиевича д.10 кор.А,Москва,ул Усиевича д.10 кор.А,ул,Усиевича ,д.10 кор.А,7574299,муниципальный округ Аэропорт,1963
2281008,г Москва ул Усиевича д.16,Москва,ул Усиевича д.16,ул,Усиевича ,д.16,8229498,муниципальный округ Аэропорт,1959
2281008,г Москва ул Усиевича д.18,Москва,ул Усиевича д.18,ул,Усиевича ,д.18,7832611,муниципальный округ Аэропорт,1975
2281008,г Москва ул Усиевича д.2,Москва,ул Усиевича д.2,ул,Усиевича ,д.2,8257792,муниципальный округ Аэропорт,1960
2281008,г Москва ул Усиевича д.21,Москва,ул Усиевича д.21,ул,Усиевича ,д.21,8200024,муниципальный округ Аэропорт,н.д.
2281008,г Москва ул Усиевича д.23,Москва,ул Усиевича д.23,ул,Усиевича ,д.23,7839848,муниципальный округ Аэропорт,1961
2281008,г Москва ул Усиевича д.25 кор.1,Москва,ул Усиевича д.25 кор.1,ул,Усиевича ,д.25 кор.1,8200033,муниципальный округ Аэропорт,н.д.
2281008,г Москва ул Усиевича д.25 кор.2,Москва,ул Усиевича д.25 кор.2,ул,Усиевича ,д.25 кор.2,7832619,муниципальный округ Аэропорт,1973
2281008,г Москва ул Усиевича д.25 кор.3,Москва,ул Усиевича д.25 кор.3,ул,Усиевича ,д.25 кор.3,8229499,муниципальный округ Аэропорт,1973
2281008,г Москва ул Усиевича д.27 кор.1,Москва,ул Усиевича д.27 кор.1,ул,Усиевича ,д.27 кор.1,8316691,муниципальный округ Аэропорт,2005
2281008,г Москва ул Усиевича д.27 кор.2,Москва,ул Усиевича д.27 кор.2,ул,Усиевича ,д.27 кор.2,7823126,муниципальный округ Аэропорт,2004
2281008,г Москва ул Усиевича д.29 кор.2,Москва,ул Усиевича д.29 кор.2,ул,Усиевича ,д.29 кор.2,7839872,муниципальный округ Аэропорт,2003
2281008,г Москва ул Усиевича д.3,Москва,ул Усиевича д.3,ул,Усиевича ,д.3,8115285,муниципальный округ Аэропорт,н.д.
2281008,г Москва ул Усиевича д.4,Москва,ул Усиевича д.4,ул,Усиевича ,д.4,7574294,муниципальный округ Аэропорт,1964
2281008,г Москва ул Усиевича д.5,Москва,ул Усиевича д.5,ул,Усиевича ,д.5,8248344,муниципальный округ Аэропорт,н.д.
2281008,г Москва ул Усиевича д.7,Москва,ул Усиевича д.7,ул,Усиевича ,д.7,8244604,муниципальный округ Аэропорт,1966
2281008,г Москва ул Часовая д.10,Москва,ул Часовая д.10,ул,Часовая ,д.10,7574346,муниципальный округ Аэропорт,1959
2281008,г Москва ул Часовая д.12,Москва,ул Часовая д.12,ул,Часовая ,д.12,7574350,муниципальный округ Аэропорт,1963
2281008,г Москва ул Часовая д.14,Москва,ул Часовая д.14,ул,Часовая ,д.14,7574511,муниципальный округ Аэропорт,1962
2281008,г Москва ул Часовая д.15,Москва,ул Часовая д.15,ул,Часовая ,д.15,7839898,муниципальный округ Аэропорт,1957
2281008,г Москва ул Часовая д.17,Москва,ул Часовая д.17,ул,Часовая ,д.17,8474595,муниципальный округ Аэропорт,1950
2281008,г Москва ул Часовая д.18,Москва,ул Часовая д.18,ул,Часовая ,д.18,7574521,муниципальный округ Аэропорт,1983
2281008,г Москва ул Часовая д.19 кор.3,Москва,ул Часовая д.19 кор.3,ул,Часовая ,д.19 кор.3,7827602,муниципальный округ Аэропорт,2008
2281008,г Москва ул Часовая д.19/8,Москва,ул Часовая д.19/8,ул,Часовая ,д.19/8,8474597,муниципальный округ Аэропорт,1952
2281008,г Москва ул Часовая д.19А,Москва,ул Часовая д.19А,ул,Часовая ,д.19А,8229501,муниципальный округ Аэропорт,1962
2281008,г Москва ул Часовая д.21А,Москва,ул Часовая д.21А,ул,Часовая ,д.21А,8229502,муниципальный округ Аэропорт,1962
2281008,г Москва ул Часовая д.23 кор.1,Москва,ул Часовая д.23 кор.1,ул,Часовая ,д.23 кор.1,7827779,муниципальный округ Аэропорт,2008
2281008,г Москва ул Часовая д.25 кор.2,Москва,ул Часовая д.25 кор.2,ул,Часовая ,д.25 кор.2,8177343,муниципальный округ Аэропорт,н.д.
2281008,г Москва ул Часовая д.26,Москва,ул Часовая д.26,ул,Часовая ,д.26,7839910,муниципальный округ Аэропорт,1960
2281008,г Москва ул Часовая д.4 кор.1,Москва,ул Часовая д.4 кор.1,ул,Часовая ,д.4 кор.1,7574304,муниципальный округ Аэропорт,1962
2281008,г Москва ул Часовая д.4 кор.2,Москва,ул Часовая д.4 кор.2,ул,Часовая ,д.4 кор.2,7574313,муниципальный округ Аэропорт,1978
2281008,г Москва ул Часовая д.5,Москва,ул Часовая д.5,ул,Часовая ,д.5,8229500,муниципальный округ Аэропорт,1959
2281008,г Москва ул Часовая д.5 кор.А,Москва,ул Часовая д.5 кор.А,ул,Часовая ,д.5 кор.А,7574317,муниципальный округ Аэропорт,1960
2281008,г Москва ул Часовая д.6 кор.1,Москва,ул Часовая д.6 кор.1,ул,Часовая ,д.6 кор.1,7574321,муниципальный округ Аэропорт,1959
2281008,г Москва ул Часовая д.6 кор.2,Москва,ул Часовая д.6 кор.2,ул,Часовая ,д.6 кор.2,7574326,муниципальный округ Аэропорт,1958
2281008,г Москва ул Часовая д.7 кор.1,Москва,ул Часовая д.7 кор.1,ул,Часовая ,д.7 кор.1,7574329,муниципальный округ Аэропорт,1959
2281008,г Москва ул Часовая д.7 кор.2,Москва,ул Часовая д.7 кор.2,ул,Часовая ,д.7 кор.2,7574333,муниципальный округ Аэропорт,1962
2281008,г Москва ул Часовая д.8,Москва,ул Часовая д.8,ул,Часовая ,д.8,7574338,муниципальный округ Аэропорт,1960
2281008,г Москва ул Часовая д.9,Москва,ул Часовая д.9,ул,Часовая ,д.9,7574342,муниципальный округ Аэропорт,1961
2281008,г Москва ул Черняховского д.11 кор.1,Москва,ул Черняховского д.11 кор.1,ул,Черняховского ,д.11 кор.1,7574614,муниципальный округ Аэропорт,1962
2281008,г Москва ул Черняховского д.11 кор.2,Москва,ул Черняховского д.11 кор.2,ул,Черняховского ,д.11 кор.2,7574854,муниципальный округ Аэропорт,1963
2281008,г Москва ул Черняховского д.12,Москва,ул Черняховского д.12,ул,Черняховского ,д.12,8200045,муниципальный округ Аэропорт,н.д.
2281008,г Москва ул Черняховского д.13,Москва,ул Черняховского д.13,ул,Черняховского ,д.13,7574849,муниципальный округ Аэропорт,1959
2281008,г Москва ул Черняховского д.14,Москва,ул Черняховского д.14,ул,Черняховского ,д.14,7574887,муниципальный округ Аэропорт,1958
2281008,г Москва ул Черняховского д.15 кор.1,Москва,ул Черняховского д.15 кор.1,ул,Черняховского ,д.15 кор.1,7575001,муниципальный округ Аэропорт,1958
2281008,г Москва ул Черняховского д.15 кор.2,Москва,ул Черняховского д.15 кор.2,ул,Черняховского ,д.15 кор.2,7575008,муниципальный округ Аэропорт,1959
2281008,г Москва ул Черняховского д.15 кор.4,Москва,ул Черняховского д.15 кор.4,ул,Черняховского ,д.15 кор.4,7575018,муниципальный округ Аэропорт,1960
2281008,г Москва ул Черняховского д.17 кор.1,Москва,ул Черняховского д.17 кор.1,ул,Черняховского ,д.17 кор.1,7575024,муниципальный округ Аэропорт,1958
2281008,г Москва ул Черняховского д.17 кор.2,Москва,ул Черняховского д.17 кор.2,ул,Черняховского ,д.17 кор.2,7575028,муниципальный округ Аэропорт,1959
2281008,г Москва ул Черняховского д.17 кор.3,Москва,ул Черняховского д.17 кор.3,ул,Черняховского ,д.17 кор.3,7575033,муниципальный округ Аэропорт,1960
2281008,г Москва ул Черняховского д.17 кор.4,Москва,ул Черняховского д.17 кор.4,ул,Черняховского ,д.17 кор.4,7575043,муниципальный округ Аэропорт,1960
2281008,г Москва ул Черняховского д.6,Москва,ул Черняховского д.6,ул,Черняховского ,д.6,8200042,муниципальный округ Аэропорт,н.д.
2281008,г Москва ул Черняховского д.7,Москва,ул Черняховского д.7,ул,Черняховского ,д.7,7574536,муниципальный округ Аэропорт,1961
2281008,г Москва ул Черняховского д.8,Москва,ул Черняховского д.8,ул,Черняховского ,д.8,7823173,муниципальный округ Аэропорт,1958
2281008,г Москва ул Черняховского д.8А,Москва,ул Черняховского д.8А,ул,Черняховского ,д.8А,8229503,муниципальный округ Аэропорт,1971
2281008,г Москва ул Черняховского д.9 кор.1,Москва,ул Черняховского д.9 кор.1,ул,Черняховского ,д.9 кор.1,7574559,муниципальный округ Аэропорт,1972
2281008,г Москва ул Черняховского д.9 кор.2,Москва,ул Черняховского д.9 кор.2,ул,Черняховского ,д.9 кор.2,7574572,муниципальный округ Аэропорт,1972
2281008,г Москва ул Черняховского д.9 кор.3,Москва,ул Черняховского д.9 кор.3,ул,Черняховского ,д.9 кор.3,7574580,муниципальный округ Аэропорт,1973
2281008,г Москва ул Черняховского д.9 кор.4,Москва,ул Черняховского д.9 кор.4,ул,Черняховского ,д.9 кор.4,7574586,муниципальный округ Аэропорт,1975